"NAME","ITEM","zip"
"ORDER_01","DhbZ007040 0000-0000-0000-0000-0000-0001",1111
"ORDER_02","DhbZ007040 0000-0000-0000-0000-0000-0002",1112
"ORDER_03","DhbZ007040 0000-0000-0000-0000-0000-0003",1113
"ORDER_04","DhbZ007040 0000-0000-0000-0000-0000-0004",1114
"ORDER_05","DhbZ007040 0000-0000-0000-0000-0000-0005",1115
"ORDER_06","DhbZ007040 0000-0000-0000-0000-0000-0006",1116
"ORDER_07","DhbZ007040 0000-0000-0000-0000-0000-0007",1117
"ORDER_08","DhbZ007040 0000-0000-0000-0000-0000-0008",1118
"ORDER_09","DhbZ007040 0000-0000-0000-0000-0000-0009",1119
"ORDER_10","DhbZ007040 0000-0000-0000-0000-0000-0010",1120
"ORDER_11","DhbZ007040 0000-0000-0000-0000-0000-0011",1121
"ORDER_12","DhbZ007040 0000-0000-0000-0000-0000-0012",1122
"ORDER_13","DhbZ007040 0000-0000-0000-0000-0000-0013",1123
"ORDER_14","DhbZ007040 0000-0000-0000-0000-0000-0014",1124
"ORDER_15","DhbZ007040 0000-0000-0000-0000-0000-0015",1125
"ORDER_16","DhbZ007040 0000-0000-0000-0000-0000-0016",1126
"ORDER_17","DhbZ007040 0000-0000-0000-0000-0000-0017",1127
"ORDER_18","DhbZ007040 0000-0000-0000-0000-0000-0018",1128
"ORDER_19","DhbZ007040 0000-0000-0000-0000-0000-0019",1129
"ORDER_20","DhbZ007040 0000-0000-0000-0000-0000-0020",1130
"ORDER_21","DhbZ007040 0000-0000-0000-0000-0000-0021",1131
"ORDER_22","DhbZ007040 0000-0000-0000-0000-0000-0022",1132
"ORDER_23","DhbZ007040 0000-0000-0000-0000-0000-0023",1133
"ORDER_24","DhbZ007040 0000-0000-0000-0000-0000-0024",1134
"ORDER_25","DhbZ007040 0000-0000-0000-0000-0000-0025",1135
"ORDER_26","DhbZ007040 0000-0000-0000-0000-0000-0026",1136
"ORDER_27","DhbZ007040 0000-0000-0000-0000-0000-0027",1137
"ORDER_28","DhbZ007040 0000-0000-0000-0000-0000-0028",1138
"ORDER_29","DhbZ007040 0000-0000-0000-0000-0000-0029",1139
"ORDER_30","DhbZ007040 0000-0000-0000-0000-0000-0030",1140
